{
    "success": [
        {
            "url": "https://zzsnn.github.io/",
            "path": "index.html",
            "children": [
                {
                    "url": "https://cdn.jsdelivr.net/gh/zzsnn/zzsnn.github.io/images/bailogo.png",
                    "path": "images/bailogo.png",
                    "children": []
                },
                {
                    "url": "https://cdn.jsdelivr.net/gh/zzsnn/zzsnn.github.io/js/jquery.min.js",
                    "path": "js/jquery.min.js",
                    "children": []
                },
                {
                    "url": "https://cdn.jsdelivr.net/gh/zzsnn/zzsnn.github.io/js/bootstrap.bundle.min.js",
                    "path": "js/bootstrap.bundle.min.js",
                    "children": []
                },
                {
                    "url": "https://cdn.jsdelivr.net/gh/zzsnn/zzsnn.github.io/js/jquery.easing.min.js",
                    "path": "js/jquery.easing.min.js",
                    "children": []
                },
                {
                    "url": "https://cdn.jsdelivr.net/gh/zzsnn/zzsnn.github.io/js/validate.js",
                    "path": "js/validate.js",
                    "children": []
                },
                {
                    "url": "https://cdn.jsdelivr.net/gh/zzsnn/zzsnn.github.io/js/jquery.waypoints.min.js",
                    "path": "js/jquery.waypoints.min.js",
                    "children": []
                },
                {
                    "url": "https://cdn.jsdelivr.net/gh/zzsnn/zzsnn.github.io/js/counterup.min.js",
                    "path": "js/counterup.min.js",
                    "children": []
                },
                {
                    "url": "https://cdn.jsdelivr.net/gh/zzsnn/zzsnn.github.io/js/owl.carousel.min.js",
                    "path": "js/owl.carousel.min.js",
                    "children": []
                },
                {
                    "url": "https://cdn.jsdelivr.net/gh/zzsnn/zzsnn.github.io/js/isotope.pkgd.min.js",
                    "path": "js/isotope.pkgd.min.js",
                    "children": []
                },
                {
                    "url": "https://cdn.jsdelivr.net/gh/zzsnn/zzsnn.github.io/js/venobox.min.js",
                    "path": "js/venobox.min.js",
                    "children": []
                },
                {
                    "url": "https://cdn.jsdelivr.net/gh/zzsnn/zzsnn.github.io/js/wikisj.js",
                    "path": "js/wikisj.js",
                    "children": []
                },
                {
                    "url": "https://cdn.jsdelivr.net/gh/zzsnn/zzsnn.github.io/js/main.js",
                    "path": "js/main.js",
                    "children": []
                },
                {
                    "url": "https://cdn.jsdelivr.net/gh/zzsnn/zzsnn.github.io/js/xktx.js",
                    "path": "js/xktx.js",
                    "children": []
                },
                {
                    "url": "https://cdn.jsdelivr.net/gh/zzsnn/zzsnn.github.io/css/bootstrap.min.css",
                    "path": "css/bootstrap.min.css",
                    "children": []
                },
                {
                    "url": "https://cdn.jsdelivr.net/gh/zzsnn/zzsnn.github.io/css/icofont.min.css",
                    "path": "css/icofont.min.css",
                    "children": []
                },
                {
                    "url": "https://cdn.jsdelivr.net/gh/zzsnn/zzsnn.github.io/css/owl.carousel.min.css",
                    "path": "css/owl.carousel.min.css",
                    "children": [
                        {
                            "url": "https://cdn.jsdelivr.net/gh/zzsnn/zzsnn.github.io/images/owl.video.play.png",
                            "path": "images/owl.video.play.png",
                            "children": []
                        }
                    ]
                },
                {
                    "url": "https://cdn.jsdelivr.net/gh/zzsnn/zzsnn.github.io/css/boxicons.min.css",
                    "path": "css/boxicons.min.css",
                    "children": []
                },
                {
                    "url": "https://cdn.jsdelivr.net/gh/zzsnn/zzsnn.github.io/css/venobox.css",
                    "path": "css/venobox.css",
                    "children": []
                },
                {
                    "url": "https://cdn.jsdelivr.net/gh/zzsnn/zzsnn.github.io/css/style.css",
                    "path": "css/style.css",
                    "children": [
                        {
                            "url": "https://cdn.jsdelivr.net/gh/zzsnn/zzsnn.github.io/images/mr.cur",
                            "path": "images/mr.cur",
                            "children": []
                        },
                        {
                            "url": "https://cdn.jsdelivr.net/gh/zzsnn/zzsnn.github.io/images/1.jpg",
                            "path": "images/1.jpg",
                            "children": []
                        }
                    ]
                },
                {
                    "url": "https://cdn.jsdelivr.net/gh/zzsnn/zzsnn.github.io/css/wikik.css",
                    "path": "css/wikik.css",
                    "children": []
                },
                {
                    "url": "https://cdn.jsdelivr.net/gh/zzsnn/zzsnn.github.io/favicon.png",
                    "path": "favicon.png",
                    "children": []
                }
            ]
        }
    ],
    "failures": [
        "https://cdn.jsdelivr.net/npm/aplayer@1.10.1/dist/APlayer.min.js",
        "https://cdn.jsdelivr.net/npm/meting@1.2.0/dist/Meting.min.js",
        "https://www.yy.wiki/static/fonts/icofont.woff2",
        "https://www.yy.wiki/static/fonts/icofont.woff",
        "https://www.yy.wiki/static/fonts/boxicons.eot",
        "https://cdn.jsdelivr.net/gh/zzsnn/zzsnn.github.io/css/font_954744_g42joo6uzdr.css",
        "https://cdn.jsdelivr.net/npm/aplayer/dist/APlayer.min.css"
    ]
}